Part No;Name;Qty per Unit;Container;Package Quantity;Process Step;Unit Cost
MOT-HSG-001;Korpus silnika aluminium;1;Pallet;24;10;38.50
MAG-ND-042;Magnes neodymowy segmentowy;8;Tray;160;11;2.80
ADH-HT-010;Klej wysokotemperaturowy do magnesow;0.03;Carton;12;12;18.40
ROT-SHAFT-020;Wal wirnika hartowany;1;BoxKLT;40;20;14.20
ROT-LAM-021;Pakiet blach wirnika;1;BoxKLT;32;20;22.60
WIRE-CU-100;Drut miedziany emaliowany;0.85;BoxKLT;18;21;11.75
INS-SLV-101;Tuleja izolacyjna uzwojenia;1;BoxKLT;100;21;0.90
STA-LAM-110;Pakiet blach stojana;1;BoxKLT;24;22;27.80
SOL-SN-120;Stop lutowniczy bezolowiowy;0.02;Carton;10;23;31.50
HAR-ASSY-130;Wiazka elektryczna silnika;1;BoxKLT;30;31;16.40
SEN-HALL-131;Czujnik polozenia Halla;1;Tray;120;32;4.70
CON-3PIN-132;Zlacze hermetyczne 3-pin;1;BoxKLT;80;32;2.25
COV-FRONT-140;Pokrywa przednia silnika;1;Pallet;30;40;19.60
COV-REAR-141;Pokrywa tylna silnika;1;Pallet;30;40;18.90
SCR-M6-142;Sruba M6 z powloka zabezpieczajaca;8;BoxKLT;500;40;0.16
GAS-O-150;Uszczelka O-ring FKM;2;BoxKLT;250;41;0.42
NIP-COOL-151;Krociec ukladu chlodzenia;2;BoxKLT;80;42;3.10
LAB-QR-160;Etykieta identyfikacyjna QR;1;Carton;1000;51;0.08
BOX-EUR-170;Karton transportowy EUR;1;Carton;80;60;1.65
INS-FOAM-171;Wkladka piankowa ochronna;1;Carton;100;60;0.95
